{"key_box": [[0.3359375, 0.6484375, 0.0859375, 0.3984375], [0.3515625, 0.4296875, 0.6875, 0.90625], [0.453125, 0.515625, 0.4375, 0.9140625], [0.53125, 0.5546875, 0.4375, 0.90625]], "key_index": [32, 39, 30, 44]}