{"key_box": [[0.18421052631578946, 0.39035087719298245, 0.1484375, 0.84375], [0.11842105263157894, 0.15350877192982457, 0.140625, 0.84375], [0.7807017543859649, 0.868421052631579, 0.1171875, 0.75], [0.39473684210526316, 0.7850877192982456, 0.15625, 0.84375]], "key_index": [33, 31, 11, 34]}