{"key_box": [[0.09210526315789473, 0.14912280701754385, 0.2578125, 0.7734375], [0.17105263157894737, 0.21052631578947367, 0.09375, 0.90625], [0.2236842105263158, 0.27631578947368424, 0.1328125, 0.8671875], [0.32894736842105265, 0.4956140350877193, 0.34375, 0.6796875]], "key_index": [33, 35, 38, 19]}