{"key_box": [[0.17105263157894737, 0.2324561403508772, 0.3046875, 0.6328125], [0.7236842105263158, 0.7631578947368421, 0.203125, 0.796875], [0.2675438596491228, 0.32894736842105265, 0.125, 0.875], [0.8333333333333334, 1.0, 0.203125, 0.796875], [0.07017543859649122, 0.09210526315789473, 0.25, 0.75]], "key_index": [34, 37, 33, 41, 33]}