{"key_box": [[0.078125, 0.90625, 0.04824561403508772, 0.5175438596491229], [0.4140625, 0.796875, 0.5570175438596491, 0.9692982456140351], [0.8515625, 0.890625, 0.5394736842105263, 0.9517543859649122], [0.0234375, 0.5234375, 0.7236842105263158, 1.0]], "key_index": [37, 18, 34, 40]}