{"key_box": [[0.19298245614035087, 0.40350877192982454, 0.203125, 0.890625], [0.12719298245614036, 0.17982456140350878, 0.1328125, 0.625]], "key_index": [18, 7]}